file_path,file_name,category,expected_partial_label,expected_condition,source_split_status,error_status,error_message,file_gate_probability,file_gate_positive,max_segment_probability,segment_threshold_positive,high_segment_fraction,topk_minus_rest_probability,contrast_positive,partial_evidence_positive,broad_activation_flag,candidate_segment_start,candidate_segment_end,has_timestamp_label,top1_timestamp_hit,top3_timestamp_hit,top5_timestamp_hit
data/phase7c1/raw/ai_direct/ai_001_direct.wav,ai_001_direct.wav,ai_direct,0,direct,seen_in_p5_training,ok,,0.387442669970555,False,0.5379167706146849,False,0.0,0.283418003923934,True,False,False,0.0,4.0,False,False,False,False
data/phase7c1/raw/ai_direct/ai_002_direct.wav,ai_002_direct.wav,ai_direct,0,direct,seen_in_p5_training,ok,,0.6969776536178406,True,0.9763790037460096,True,0.05,0.3202553343463268,True,True,False,16.0,20.0,False,False,False,False
data/phase7c1/raw/ai_direct/ai_003_direct.wav,ai_003_direct.wav,ai_direct,0,direct,seen_in_p5_training,ok,,0.2133334368204934,False,0.8595623430605078,False,0.0,0.4529324511280145,True,False,False,28.0,32.0,False,False,False,False
data/phase7c1/raw/ai_direct/ai_004_direct.wav,ai_004_direct.wav,ai_direct,0,direct,seen_in_p5_training,ok,,0.3420698959578186,False,0.8782085742693919,False,0.0,0.5073426454489033,True,False,False,24.0,28.0,False,False,False,False
data/phase7c1/raw/ai_direct/ai_005_direct.wav,ai_005_direct.wav,ai_direct,0,direct,seen_in_p5_training,ok,,0.1983017316066597,False,0.9653095597867364,True,0.037037037037037035,0.45563980398514536,True,False,False,28.0,32.0,False,False,False,False
data/phase7c1/raw/ai_direct/ai_006_direct.wav,ai_006_direct.wav,ai_direct,0,direct,seen_in_p5_training,ok,,0.16773758782219003,False,0.9539044126745897,True,0.08,0.6550632957413699,True,False,False,40.0,44.0,False,False,False,False
data/phase7c1/raw/ai_direct/ai_007_direct.wav,ai_007_direct.wav,ai_direct,0,direct,seen_in_p5_training,ok,,0.29693774258443856,False,0.9569294097458838,True,0.041666666666666664,0.6018245204317221,True,False,False,34.0,38.0,False,False,False,False
data/phase7c1/raw/ai_direct/ai_008_direct.wav,ai_008_direct.wav,ai_direct,0,direct,seen_in_p5_training,ok,,0.43707799294939287,False,0.7858826637512978,False,0.0,0.3741719839701657,True,False,False,20.0,24.0,False,False,False,False
data/phase7c1/raw/ai_direct/ai_009_direct.wav,ai_009_direct.wav,ai_direct,0,direct,seen_in_p5_training,ok,,0.2535917277829558,False,0.6273273095266435,False,0.0,0.4223895724853379,True,False,False,16.0,20.0,False,False,False,False
data/phase7c1/raw/ai_direct/ai_010_direct.wav,ai_010_direct.wav,ai_direct,0,direct,seen_in_p5_training,ok,,0.20408034927966,False,0.8527081206244432,False,0.0,0.27656833917846746,True,False,False,8.0,12.0,False,False,False,False
data/phase7c1/raw/ai_direct/ai_011_direct.wav,ai_011_direct.wav,ai_direct,0,direct,seen_in_p5_training,ok,,0.25095843189932476,False,0.7605024810424851,False,0.0,0.4309659487678701,True,False,False,30.0,34.0,False,False,False,False
data/phase7c1/raw/ai_direct/ai_012_direct.wav,ai_012_direct.wav,ai_direct,0,direct,seen_in_p5_training,ok,,0.27176277763260526,False,0.9919456939655382,True,0.09523809523809523,0.7253537145971223,True,False,False,40.0,43.703,False,False,False,False
data/phase7c1/raw/ai_direct/ai_013_direct.wav,ai_013_direct.wav,ai_direct,0,direct,seen_in_p5_training,ok,,0.32335986180928794,False,0.6832091932258304,False,0.0,0.42225216579674846,True,False,False,18.0,22.0,False,False,False,False
data/phase7c1/raw/ai_direct/ai_014_direct.wav,ai_014_direct.wav,ai_direct,0,direct,seen_in_p5_training,ok,,0.24761783032293014,False,0.6478544508686576,False,0.0,0.1480231604885263,False,False,False,40.0,44.0,False,False,False,False
data/phase7c1/raw/ai_direct/ai_015_direct.wav,ai_015_direct.wav,ai_direct,0,direct,seen_in_p5_training,ok,,0.6525477581626807,True,0.6837028146799744,False,0.0,0.4504109523488832,True,False,False,22.0,26.0,False,False,False,False
data/phase7c1/raw/ai_direct/ai_016_direct.wav,ai_016_direct.wav,ai_direct,0,direct,seen_in_p5_training,ok,,0.4441593918952409,False,0.9707375408968838,True,0.038461538461538464,0.639346797234697,True,False,False,2.0,6.0,False,False,False,False
data/phase7c1/raw/ai_direct/ai_017_direct.wav,ai_017_direct.wav,ai_direct,0,direct,seen_in_p5_training,ok,,0.4023094242145109,False,0.8259792376975401,False,0.0,0.5451872655898824,True,False,False,18.0,22.0,False,False,False,False
data/phase7c1/raw/ai_direct/ai_018_direct.wav,ai_018_direct.wav,ai_direct,0,direct,seen_in_p5_training,ok,,0.3481116561572762,False,0.9996038547159601,True,0.1,0.8281800370067757,True,False,False,58.0,60.735,False,False,False,False
data/phase7c1/raw/ai_direct/ai_019_direct.wav,ai_019_direct.wav,ai_direct,0,direct,seen_in_p5_training,ok,,0.25909707676653276,False,0.5172067468456572,False,0.0,0.2782462754883556,True,False,False,12.0,16.0,False,False,False,False
data/phase7c1/raw/ai_direct/ai_020_direct.wav,ai_020_direct.wav,ai_direct,0,direct,seen_in_p5_training,ok,,0.28896509529706277,False,0.7213243988455224,False,0.0,0.5141341501691039,True,False,False,40.0,44.0,False,False,False,False
data/phase7c1/raw/ai_direct/ai_021_direct.wav,ai_021_direct.wav,ai_direct,0,direct,seen_in_p5_training,ok,,0.13625428620006552,False,0.966609138774579,True,0.04,0.5461685373704381,True,False,False,4.0,8.0,False,False,False,False
data/phase7c1/raw/ai_direct/ai_022_direct.wav,ai_022_direct.wav,ai_direct,0,direct,seen_in_p5_training,ok,,0.3971542924477256,False,0.19555982202808528,False,0.0,0.1409792715708772,False,False,False,4.0,8.0,False,False,False,False
data/phase7c1/raw/ai_direct/ai_023_direct.wav,ai_023_direct.wav,ai_direct,0,direct,seen_in_p5_training,ok,,0.16696325873726076,False,0.9775287630884993,True,0.04,0.43329187162446975,True,False,False,36.0,40.0,False,False,False,False
data/phase7c1/raw/ai_fabricated/ai_001_fabricated.wav,ai_001_fabricated.wav,ai_fabricated,1,fabricated,seen_in_p5_training,ok,,0.9710801596479305,True,0.9998884691188948,True,0.18181818181818182,0.9100890482795866,True,True,False,64.0,66.114,False,False,False,False
data/phase7c1/raw/ai_fabricated/ai_002_fabricated.wav,ai_002_fabricated.wav,ai_fabricated,1,fabricated,seen_in_p5_training,ok,,0.9966091701815245,True,0.9997305377695579,True,0.21739130434782608,0.9095616707888772,True,True,False,18.0,22.0,False,False,False,False
data/phase7c1/raw/ai_fabricated/ai_003_fabricated.wav,ai_003_fabricated.wav,ai_fabricated,1,fabricated,seen_in_p5_training,ok,,0.9614369170474973,True,0.9943296220353172,True,0.1111111111111111,0.7909520528579241,True,True,False,4.0,8.0,False,False,False,False
data/phase7c1/raw/ai_fabricated/ai_004_fabricated.wav,ai_004_fabricated.wav,ai_fabricated,1,fabricated,seen_in_p5_training,ok,,0.9884592046105851,True,0.9980055408912281,True,0.07142857142857142,0.7362678931652725,True,True,False,8.0,12.0,False,False,False,False
data/phase7c1/raw/ai_fabricated/ai_005_fabricated.wav,ai_005_fabricated.wav,ai_fabricated,1,fabricated,seen_in_p5_training,ok,,0.981760073530671,True,0.9999323087923064,True,0.16129032258064516,0.9236880533934883,True,True,False,0.0,4.0,False,False,False,False
data/phase7c1/raw/ai_fabricated/ai_006_fabricated.wav,ai_006_fabricated.wav,ai_fabricated,1,fabricated,seen_in_p5_training,ok,,0.9216986740172438,True,0.9995303180796131,True,0.16666666666666666,0.8680044357291284,True,True,False,16.0,20.0,False,False,False,False
data/phase7c1/raw/ai_fabricated/ai_007_fabricated.wav,ai_007_fabricated.wav,ai_fabricated,1,fabricated,seen_in_p5_training,ok,,0.9301758962228109,True,0.9879128034985939,True,0.07142857142857142,0.7983540677452606,True,True,False,40.0,44.0,False,False,False,False
data/phase7c1/raw/ai_fabricated/ai_008_fabricated.wav,ai_008_fabricated.wav,ai_fabricated,1,fabricated,seen_in_p5_training,ok,,0.9185521809548629,True,0.9992501035280993,True,0.23809523809523808,0.894533478901119,True,True,False,36.0,40.0,False,False,False,False
data/phase7c1/raw/ai_fabricated/ai_009_fabricated.wav,ai_009_fabricated.wav,ai_fabricated,1,fabricated,seen_in_p5_training,ok,,0.9866123996136325,True,0.9994659224119132,True,0.19230769230769232,0.8756285669136089,True,True,False,6.0,10.0,False,False,False,False
data/phase7c1/raw/ai_fabricated/ai_010_fabricated.wav,ai_010_fabricated.wav,ai_fabricated,1,fabricated,seen_in_p5_training,ok,,0.8507741607395919,True,0.9986977612077393,True,0.16,0.878416645699829,True,True,False,34.0,38.0,False,False,False,False
data/phase7c1/raw/ai_fabricated/ai_011_fabricated.wav,ai_011_fabricated.wav,ai_fabricated,1,fabricated,seen_in_p5_training,ok,,0.6323738348351435,True,0.969710099994799,True,0.09090909090909091,0.7154878097098188,True,True,False,22.0,26.0,False,False,False,False
data/phase7c1/raw/ai_fabricated/ai_012_fabricated.wav,ai_012_fabricated.wav,ai_fabricated,1,fabricated,seen_in_p5_training,ok,,0.7972281944156131,True,0.9993219684814019,True,0.2,0.8055227018893515,True,True,False,8.0,12.0,False,False,False,False
data/phase7c1/raw/ai_fabricated/ai_013_fabricated.wav,ai_013_fabricated.wav,ai_fabricated,1,fabricated,seen_in_p5_training,ok,,0.9881601742999687,True,0.9999770308057214,True,0.16129032258064516,0.9642500349691895,True,True,False,32.0,36.0,False,False,False,False
data/phase7c1/raw/ai_fabricated/ai_014_fabricated.wav,ai_014_fabricated.wav,ai_fabricated,1,fabricated,seen_in_p5_training,ok,,0.9699228185255881,True,0.9995878300029133,True,0.14814814814814814,0.9424253534886751,True,True,False,4.0,8.0,False,False,False,False
data/phase7c1/raw/ai_fabricated/ai_015_fabricated.wav,ai_015_fabricated.wav,ai_fabricated,1,fabricated,seen_in_p5_training,ok,,0.9298433086900405,True,0.9983202577998305,True,0.125,0.8931265054846551,True,True,False,34.0,38.0,False,False,False,False
data/phase7c1/raw/ai_fabricated/ai_016_fabricated.wav,ai_016_fabricated.wav,ai_fabricated,1,fabricated,seen_in_p5_training,ok,,0.8668353749932478,True,0.9998309493032984,True,0.15625,0.7711236645769366,True,True,False,62.0,64.432,False,False,False,False
data/phase7c1/raw/ai_fabricated/ai_017_fabricated.wav,ai_017_fabricated.wav,ai_fabricated,1,fabricated,seen_in_p5_training,ok,,0.9236821353200005,True,0.9710834559250946,True,0.125,0.7662642368444376,True,True,False,48.0,52.0,False,False,False,False
data/phase7c1/raw/ai_fabricated/ai_018_fabricated.wav,ai_018_fabricated.wav,ai_fabricated,1,fabricated,seen_in_p5_training,ok,,0.9717691454019203,True,0.9999298823676475,True,0.20588235294117646,0.8276772121174116,True,True,False,28.0,32.0,False,False,False,False
data/phase7c1/raw/ai_fabricated/ai_019_fabricated.wav,ai_019_fabricated.wav,ai_fabricated,1,fabricated,seen_in_p5_training,ok,,0.978322654139634,True,0.9991223335665407,True,0.21212121212121213,0.8986822603673349,True,True,False,22.0,26.0,False,False,False,False
data/phase7c1/raw/ai_fabricated/ai_020_fabricated.wav,ai_020_fabricated.wav,ai_fabricated,1,fabricated,seen_in_p5_training,ok,,0.9290640962581972,True,0.9774301286658986,True,0.12903225806451613,0.7852903135607061,True,True,False,2.0,6.0,False,False,False,False
data/phase7c1/raw/ai_fabricated/ai_021_fabricated.wav,ai_021_fabricated.wav,ai_fabricated,1,fabricated,seen_in_p5_training,ok,,0.8770840951910712,True,0.9994198442061867,True,0.2,0.8708792564409238,True,True,False,46.0,50.0,False,False,False,False
data/phase7c1/raw/ai_fabricated/ai_022_fabricated.wav,ai_022_fabricated.wav,ai_fabricated,1,fabricated,seen_in_p5_training,ok,,0.9930333364921824,True,0.9999894573961138,True,0.1875,0.9505911075358511,True,True,False,36.0,40.0,False,False,False,False
data/phase7c1/raw/ai_fabricated/ai_023_fabricated.wav,ai_023_fabricated.wav,ai_fabricated,1,fabricated,seen_in_p5_training,ok,,0.779232387508306,True,0.9998570457028381,True,0.14285714285714285,0.9000420606630839,True,True,False,34.0,38.0,False,False,False,False
data/phase7c1/raw/ai_mixer/ai_001_mixer_processed.wav,ai_001_mixer_processed.wav,ai_mixer,0,mixer,seen_in_p5_training,ok,,0.015041371348047889,False,0.012012069906775748,False,0.0,0.004970067726028123,False,False,False,40.0,44.0,False,False,False,False
data/phase7c1/raw/ai_mixer/ai_002_mixer_processed.wav,ai_002_mixer_processed.wav,ai_mixer,0,mixer,seen_in_p5_training,ok,,0.005718313477536291,False,0.15064715228227268,False,0.0,0.04785738675273706,False,False,False,22.0,26.0,False,False,False,False
data/phase7c1/raw/ai_mixer/ai_003_mixer_processed.wav,ai_003_mixer_processed.wav,ai_mixer,0,mixer,seen_in_p5_training,ok,,9.615156867098715e-05,False,0.015811683565220103,False,0.0,0.0042620982319190506,False,False,False,2.0,6.0,False,False,False,False
data/phase7c1/raw/ai_mixer/ai_004_mixer_processed.wav,ai_004_mixer_processed.wav,ai_mixer,0,mixer,seen_in_p5_training,ok,,0.003540737236741151,False,0.1433090156021243,False,0.0,0.056105735022719254,False,False,False,24.0,28.0,False,False,False,False
data/phase7c1/raw/ai_mixer/ai_005_mixer_processed.wav,ai_005_mixer_processed.wav,ai_mixer,0,mixer,seen_in_p5_training,ok,,0.00203183863824756,False,0.3739029125783789,False,0.0,0.09540886413658863,False,False,False,24.0,28.0,False,False,False,False
data/phase7c1/raw/ai_mixer/ai_006_mixer_processed.wav,ai_006_mixer_processed.wav,ai_mixer,0,mixer,seen_in_p5_training,ok,,5.014222629521694e-05,False,0.017941261041866684,False,0.0,0.006052457636456567,False,False,False,8.0,12.0,False,False,False,False
data/phase7c1/raw/ai_mixer/ai_007_mixer_processed.wav,ai_007_mixer_processed.wav,ai_mixer,0,mixer,seen_in_p5_training,ok,,0.0011990842361042284,False,0.39054291201174407,False,0.0,0.11145633541361163,False,False,False,2.0,6.0,False,False,False,False
data/phase7c1/raw/ai_mixer/ai_008_mixer_processed.wav,ai_008_mixer_processed.wav,ai_mixer,0,mixer,seen_in_p5_training,ok,,0.0003959044977057801,False,0.26046594561324293,False,0.0,0.05885649740379776,False,False,False,4.0,8.0,False,False,False,False
data/phase7c1/raw/ai_mixer/ai_009_mixer_processed.wav,ai_009_mixer_processed.wav,ai_mixer,0,mixer,seen_in_p5_training,ok,,0.004299849666784395,False,0.004501366871643301,False,0.0,0.002924109765465914,False,False,False,18.0,22.0,False,False,False,False
data/phase7c1/raw/ai_mixer/ai_010_mixer_processed.wav,ai_010_mixer_processed.wav,ai_mixer,0,mixer,seen_in_p5_training,ok,,0.0010912770097785925,False,0.4607118542136129,False,0.0,0.10228261566535359,False,False,False,20.0,24.0,False,False,False,False
data/phase7c1/raw/ai_mixer/ai_011_mixer_processed.wav,ai_011_mixer_processed.wav,ai_mixer,0,mixer,seen_in_p5_training,ok,,0.006193130986288409,False,0.08164036660751216,False,0.0,0.01724703733096217,False,False,False,2.0,6.0,False,False,False,False
data/phase7c1/raw/ai_mixer/ai_012_mixer_processed.wav,ai_012_mixer_processed.wav,ai_mixer,0,mixer,seen_in_p5_training,ok,,0.03452573236207238,False,0.0706743333365914,False,0.0,0.01948340276261666,False,False,False,36.0,40.0,False,False,False,False
data/phase7c1/raw/ai_mixer/ai_013_mixer_processed.wav,ai_013_mixer_processed.wav,ai_mixer,0,mixer,seen_in_p5_training,ok,,0.0020703800248149983,False,0.2939133333918636,False,0.0,0.05899254638685145,False,False,False,34.0,38.0,False,False,False,False
data/phase7c1/raw/ai_mixer/ai_014_mixer_processed.wav,ai_014_mixer_processed.wav,ai_mixer,0,mixer,seen_in_p5_training,ok,,0.0012736842560922505,False,0.0032943760169546763,False,0.0,0.0008636011756534327,False,False,False,34.0,38.0,False,False,False,False
data/phase7c1/raw/ai_mixer/ai_015_mixer_processed.wav,ai_015_mixer_processed.wav,ai_mixer,0,mixer,seen_in_p5_training,ok,,0.004528370378282251,False,0.24783250432602424,False,0.0,0.11028711293629302,False,False,False,38.0,42.0,False,False,False,False
data/phase7c1/raw/ai_mixer/ai_016_mixer_processed.wav,ai_016_mixer_processed.wav,ai_mixer,0,mixer,seen_in_p5_training,ok,,0.03297064151338638,False,0.7023235282603516,False,0.0,0.1800462720846746,False,False,False,52.0,54.869,False,False,False,False
data/phase7c1/raw/ai_mixer/ai_017_mixer_processed.wav,ai_017_mixer_processed.wav,ai_mixer,0,mixer,seen_in_p5_training,ok,,0.0051389180705470345,False,0.10637332076630729,False,0.0,0.032405151733641134,False,False,False,52.0,55.552,False,False,False,False
data/phase7c1/raw/ai_mixer/ai_018_mixer_processed.wav,ai_018_mixer_processed.wav,ai_mixer,0,mixer,seen_in_p5_training,ok,,0.07121247870601928,False,0.9660775621385881,True,0.03333333333333333,0.332643133921253,True,False,False,32.0,36.0,False,False,False,False
data/phase7c1/raw/ai_mixer/ai_019_mixer_processed.wav,ai_019_mixer_processed.wav,ai_mixer,0,mixer,seen_in_p5_training,ok,,0.020944736008066175,False,0.0038549426733544704,False,0.0,0.001193952493441931,False,False,False,50.0,54.0,False,False,False,False
data/phase7c1/raw/ai_mixer/ai_020_mixer_processed.wav,ai_020_mixer_processed.wav,ai_mixer,0,mixer,seen_in_p5_training,ok,,0.0013137841908045199,False,0.5016513193451924,False,0.0,0.19533842957779343,False,False,False,46.0,50.0,False,False,False,False
data/phase7c1/raw/ai_mixer/ai_021_mixer_processed.wav,ai_021_mixer_processed.wav,ai_mixer,0,mixer,seen_in_p5_training,ok,,0.00029965022898629324,False,0.004047946082689649,False,0.0,0.0016323577994234284,False,False,False,36.0,40.0,False,False,False,False
data/phase7c1/raw/ai_mixer/ai_022_mixer_processed.wav,ai_022_mixer_processed.wav,ai_mixer,0,mixer,seen_in_p5_training,ok,,0.00239965876671438,False,0.00893206889066468,False,0.0,0.0026300547712248047,False,False,False,48.0,52.0,False,False,False,False
data/phase7c1/raw/ai_mixer/ai_023_mixer_processed.wav,ai_023_mixer_processed.wav,ai_mixer,0,mixer,seen_in_p5_training,ok,,0.0001697018943978284,False,0.006032873089122922,False,0.0,0.002660673749808285,False,False,False,0.0,4.0,False,False,False,False
data/phase7c1/raw/ai_repeat/ai_001_replay_laptop_mobile.wav,ai_001_replay_laptop_mobile.wav,ai_repeat,0,replay,seen_in_p5_training,ok,,0.0036929541742828816,False,0.008290172370775813,False,0.0,0.004990991568712941,False,False,False,30.0,34.0,False,False,False,False
data/phase7c1/raw/ai_repeat/ai_002_replay_laptop_mobile.wav,ai_002_replay_laptop_mobile.wav,ai_repeat,0,replay,seen_in_p5_training,ok,,0.0025205494122323337,False,0.0051665395024565524,False,0.0,0.0010390680439181553,False,False,False,18.0,22.0,False,False,False,False
data/phase7c1/raw/ai_repeat/ai_003_replay_laptop_mobile.wav,ai_003_replay_laptop_mobile.wav,ai_repeat,0,replay,seen_in_p5_training,ok,,0.02926416746504001,False,0.14183010379749444,False,0.0,0.031604991455344206,False,False,False,10.0,14.0,False,False,False,False
data/phase7c1/raw/ai_repeat/ai_004_replay_laptop_mobile.wav,ai_004_replay_laptop_mobile.wav,ai_repeat,0,replay,seen_in_p5_training,ok,,0.14768475050945426,False,0.05326212981350418,False,0.0,0.011698516338537081,False,False,False,2.0,6.0,False,False,False,False
data/phase7c1/raw/ai_repeat/ai_005_replay_laptop_mobile.wav,ai_005_replay_laptop_mobile.wav,ai_repeat,0,replay,seen_in_p5_training,ok,,0.03206505770821944,False,0.02315403168125885,False,0.0,0.006061351428277125,False,False,False,28.0,32.0,False,False,False,False
data/phase7c1/raw/ai_repeat/ai_006_replay_laptop_mobile.wav,ai_006_replay_laptop_mobile.wav,ai_repeat,0,replay,seen_in_p5_training,ok,,0.03863324034593508,False,0.0648263982742933,False,0.0,0.013766566627195933,False,False,False,30.0,34.0,False,False,False,False
data/phase7c1/raw/ai_repeat/ai_007_replay_laptop_mobile.wav,ai_007_replay_laptop_mobile.wav,ai_repeat,0,replay,seen_in_p5_training,ok,,0.012143740117276414,False,0.01159503101249111,False,0.0,0.002370742620971065,False,False,False,44.0,46.132,False,False,False,False
data/phase7c1/raw/ai_repeat/ai_008_replay_laptop_mobile.wav,ai_008_replay_laptop_mobile.wav,ai_repeat,0,replay,seen_in_p5_training,ok,,0.01368308913992031,False,0.03202388359497744,False,0.0,0.006807557022620985,False,False,False,0.0,4.0,False,False,False,False
data/phase7c1/raw/ai_repeat/ai_009_replay_laptop_mobile.wav,ai_009_replay_laptop_mobile.wav,ai_repeat,0,replay,seen_in_p5_training,ok,,0.023362524306693156,False,0.011910497091018263,False,0.0,0.003622797810343857,False,False,False,36.0,40.0,False,False,False,False
data/phase7c1/raw/ai_repeat/ai_010_replay_laptop_mobile.wav,ai_010_replay_laptop_mobile.wav,ai_repeat,0,replay,seen_in_p5_training,ok,,0.0051885599900880815,False,0.0010657858642495028,False,0.0,0.0004600872484390777,False,False,False,34.0,38.0,False,False,False,False
data/phase7c1/raw/ai_repeat/ai_011_replay_laptop_mobile.wav,ai_011_replay_laptop_mobile.wav,ai_repeat,0,replay,seen_in_p5_training,ok,,0.00870314167943826,False,0.12114263095060081,False,0.0,0.027477219449295317,False,False,False,0.0,4.0,False,False,False,False
data/phase7c1/raw/ai_repeat/ai_012_replay_laptop_mobile.wav,ai_012_replay_laptop_mobile.wav,ai_repeat,0,replay,seen_in_p5_training,ok,,0.0016002223387634506,False,0.000576821477466316,False,0.0,0.0001314934837271167,False,False,False,0.0,4.0,False,False,False,False
data/phase7c1/raw/ai_repeat/ai_013_replay_laptop_mobile.wav,ai_013_replay_laptop_mobile.wav,ai_repeat,0,replay,seen_in_p5_training,ok,,0.03391332466047373,False,0.999984446612,True,0.1,0.6498838830731701,True,False,False,54.0,58.0,False,False,False,False
data/phase7c1/raw/ai_repeat/ai_014_replay_laptop_mobile.wav,ai_014_replay_laptop_mobile.wav,ai_repeat,0,replay,seen_in_p5_training,ok,,0.04543717701573336,False,0.017355841656492878,False,0.0,0.005148402092487793,False,False,False,34.0,38.0,False,False,False,False
data/phase7c1/raw/ai_repeat/ai_015_replay_laptop_mobile.wav,ai_015_replay_laptop_mobile.wav,ai_repeat,0,replay,seen_in_p5_training,ok,,0.08711620507450378,False,0.14325330195314076,False,0.0,0.045586004146705446,False,False,False,22.0,26.0,False,False,False,False
data/phase7c1/raw/ai_repeat/ai_016_replay_laptop_mobile.wav,ai_016_replay_laptop_mobile.wav,ai_repeat,0,replay,seen_in_p5_training,ok,,0.0015558426136797407,False,4.441232136395321e-05,False,0.0,1.9101140727181877e-05,False,False,False,28.0,32.0,False,False,False,False
data/phase7c1/raw/ai_repeat/ai_017_replay_laptop_mobile.wav,ai_017_replay_laptop_mobile.wav,ai_repeat,0,replay,seen_in_p5_training,ok,,0.004934014596958064,False,0.08106802570637092,False,0.0,0.01644999693876582,False,False,False,16.0,20.0,False,False,False,False
data/phase7c1/raw/ai_repeat/ai_018_replay_laptop_mobile.wav,ai_018_replay_laptop_mobile.wav,ai_repeat,0,replay,seen_in_p5_training,ok,,0.0017125928912095588,False,0.016350109709222085,False,0.0,0.003273150772809891,False,False,False,16.0,20.0,False,False,False,False
data/phase7c1/raw/ai_repeat/ai_019_replay_laptop_mobile.wav,ai_019_replay_laptop_mobile.wav,ai_repeat,0,replay,seen_in_p5_training,ok,,0.004858744146416313,False,0.30958998178002883,False,0.0,0.07611601055243845,False,False,False,26.0,30.0,False,False,False,False
data/phase7c1/raw/ai_repeat/ai_020_replay_laptop_mobile.wav,ai_020_replay_laptop_mobile.wav,ai_repeat,0,replay,seen_in_p5_training,ok,,0.10961302898224966,False,0.9600068671431501,True,0.037037037037037035,0.27195893847982044,True,False,False,28.0,32.0,False,False,False,False
data/phase7c1/raw/ai_repeat/ai_021_replay_laptop_mobile.wav,ai_021_replay_laptop_mobile.wav,ai_repeat,0,replay,seen_in_p5_training,ok,,0.00010492748049831954,False,0.0009513243197091062,False,0.0,0.00036227245309243024,False,False,False,4.0,8.0,False,False,False,False
data/phase7c1/raw/ai_repeat/ai_022_replay_laptop_mobile.wav,ai_022_replay_laptop_mobile.wav,ai_repeat,0,replay,seen_in_p5_training,ok,,0.03974797183111044,False,0.4959284730379764,False,0.0,0.10171712303981705,False,False,False,4.0,8.0,False,False,False,False
data/phase7c1/raw/ai_repeat/ai_023_replay_laptop_mobile.wav,ai_023_replay_laptop_mobile.wav,ai_repeat,0,replay,seen_in_p5_training,ok,,0.005741988773593298,False,0.012486324776002986,False,0.0,0.0031292954205703687,False,False,False,2.0,6.0,False,False,False,False
data/phase7c1/raw/human_clean/human_001_clean.wav,human_001_clean.wav,human_clean,0,direct,seen_in_p5_training,ok,,0.1339136094845203,False,0.9544298714832651,True,0.047619047619047616,0.2486665874970877,False,False,False,0.0,4.0,False,False,False,False
data/phase7c1/raw/human_clean/human_002_clean.wav,human_002_clean.wav,human_clean,0,direct,seen_in_p5_training,ok,,0.26358435314315265,False,0.5087510303527281,False,0.0,0.23547804364072758,False,False,False,10.0,14.0,False,False,False,False
data/phase7c1/raw/human_clean/human_003_clean.wav,human_003_clean.wav,human_clean,0,direct,seen_in_p5_training,ok,,0.729240879080817,True,0.33858543305809585,False,0.0,0.20377686989978908,False,False,False,0.0,4.0,False,False,False,False
data/phase7c1/raw/human_clean/human_004_clean.wav,human_004_clean.wav,human_clean,0,direct,seen_in_p5_training,ok,,0.12807289429306723,False,0.6466364565783964,False,0.0,0.29320249014597616,True,False,False,0.0,4.0,False,False,False,False
data/phase7c1/raw/human_clean/human_005_clean.wav,human_005_clean.wav,human_clean,0,direct,seen_in_p5_training,ok,,0.4073356930767437,False,0.4966779545342878,False,0.0,0.15255897605032423,False,False,False,0.0,4.0,False,False,False,False
data/phase7c1/raw/human_clean/human_006_clean.wav,human_006_clean.wav,human_clean,0,direct,seen_in_p5_training,ok,,0.15352048326711787,False,0.7366565309107247,False,0.0,0.345695569638148,True,False,False,4.0,8.0,False,False,False,False
data/phase7c1/raw/human_clean/human_007_clean.wav,human_007_clean.wav,human_clean,0,direct,seen_in_p5_training,ok,,0.0742746938053755,False,0.23224486717564627,False,0.0,0.09355241947264088,False,False,False,4.0,8.0,False,False,False,False
data/phase7c1/raw/human_clean/human_008_clean.wav,human_008_clean.wav,human_clean,0,direct,seen_in_p5_training,ok,,0.037974635167628036,False,0.8858443526856481,False,0.0,0.18639040394208625,False,False,False,12.0,16.0,False,False,False,False
data/phase7c1/raw/human_clean/human_009_clean.wav,human_009_clean.wav,human_clean,0,direct,seen_in_p5_training,ok,,0.07707764362651813,False,0.1787350107079369,False,0.0,0.13608032585495858,False,False,False,0.0,4.0,False,False,False,False
data/phase7c1/raw/human_clean/human_010_clean.wav,human_010_clean.wav,human_clean,0,direct,seen_in_p5_training,ok,,0.05887155104835705,False,0.7633535373357407,False,0.0,0.3968661227045411,True,False,False,4.0,8.0,False,False,False,False
data/phase7c1/raw/human_clean/human_011_clean.wav,human_011_clean.wav,human_clean,0,direct,seen_in_p5_training,ok,,0.4326393670741279,False,0.9483495754925185,True,0.05,0.41859682755159444,True,False,False,30.0,34.0,False,False,False,False
data/phase7c1/raw/human_clean/human_012_clean.wav,human_012_clean.wav,human_clean,0,direct,seen_in_p5_training,ok,,0.5761284991201037,True,0.9687522831454485,True,0.045454545454545456,0.5080810455475955,True,True,False,0.0,4.0,False,False,False,False
data/phase7c1/raw/human_clean/human_013_clean.wav,human_013_clean.wav,human_clean,0,direct,seen_in_p5_training,ok,,0.4064190761859314,False,0.9200260878626196,True,0.05263157894736842,0.3298732075393347,True,False,False,2.0,6.0,False,False,False,False
data/phase7c1/raw/human_clean/human_014_clean.wav,human_014_clean.wav,human_clean,0,direct,seen_in_p5_training,ok,,0.5051539384653495,True,0.9350425850714168,True,0.05,0.4713112741086843,True,True,False,38.0,40.256,False,False,False,False
data/phase7c1/raw/human_clean/human_015_clean.wav,human_015_clean.wav,human_clean,0,direct,seen_in_p5_training,ok,,0.3445436345838931,False,0.40542547763958736,False,0.0,0.24873696898327569,False,False,False,38.0,40.704,False,False,False,False
data/phase7c1/raw/human_clean/human_016_clean.wav,human_016_clean.wav,human_clean,0,direct,seen_in_p5_training,ok,,0.05223315791393913,False,0.1733217937372057,False,0.0,0.05142254394878164,False,False,False,10.0,14.0,False,False,False,False
data/phase7c1/raw/human_clean/human_017_clean.wav,human_017_clean.wav,human_clean,0,direct,seen_in_p5_training,ok,,0.4742969133235646,False,0.9718539746356984,True,0.08333333333333333,0.6676159665233389,True,False,False,4.0,8.0,False,False,False,False
data/phase7c1/raw/human_clean/human_018_clean.wav,human_018_clean.wav,human_clean,0,direct,seen_in_p5_training,ok,,0.2479992380025955,False,0.7998899772728407,False,0.0,0.2309254079894336,False,False,False,0.0,4.0,False,False,False,False
data/phase7c1/raw/human_clean/human_019_clean.wav,human_019_clean.wav,human_clean,0,direct,seen_in_p5_training,ok,,0.30170316926860424,False,0.7758578299207397,False,0.0,0.3280309667249146,True,False,False,26.0,30.0,False,False,False,False
data/phase7c1/raw/human_clean/human_020_clean.wav,human_020_clean.wav,human_clean,0,direct,seen_in_p5_training,ok,,0.3332765314140637,False,0.6531748513737765,False,0.0,0.3231785910190313,True,False,False,32.0,36.0,False,False,False,False
data/phase7c1/raw/human_clean/human_021_clean.wav,human_021_clean.wav,human_clean,0,direct,seen_in_p5_training,ok,,6.082268016685366e-05,False,0.7109343312526187,False,0.0,0.1423220272653561,False,False,False,42.0,46.0,False,False,False,False
data/phase7c1/raw/human_clean/human_022_clean.wav,human_022_clean.wav,human_clean,0,direct,seen_in_p5_training,ok,,0.06623168304439804,False,0.003543029033823431,False,0.0,0.0016133518427606183,False,False,False,2.0,6.0,False,False,False,False
data/phase7c1/raw/human_clean/human_023_clean.wav,human_023_clean.wav,human_clean,0,direct,seen_in_p5_training,ok,,0.3994824154006543,False,0.4667703189956744,False,0.0,0.26347127813208915,True,False,False,2.0,6.0,False,False,False,False
data/phase7c1/raw/human_fabricated/human_001_fabricated.wav,human_001_fabricated.wav,human_fabricated,1,fabricated,seen_in_p5_training,ok,,0.9591490679659127,True,0.999999994765618,True,0.16,0.9153510822007848,True,True,False,42.0,46.0,False,False,False,False
data/phase7c1/raw/human_fabricated/human_002_fabricated.wav,human_002_fabricated.wav,human_fabricated,1,fabricated,seen_in_p5_training,ok,,0.981243356794213,True,0.9999964015832455,True,0.2,0.7835095080746084,True,True,False,10.0,14.0,False,False,False,False
data/phase7c1/raw/human_fabricated/human_003_fabricated.wav,human_003_fabricated.wav,human_fabricated,1,fabricated,seen_in_p5_training,ok,,0.8257041810317962,True,0.9996894847625315,True,0.13043478260869565,0.7583231235911323,True,True,False,10.0,14.0,False,False,False,False
data/phase7c1/raw/human_fabricated/human_004_fabricated.wav,human_004_fabricated.wav,human_fabricated,1,fabricated,seen_in_p5_training,ok,,0.841867624606738,True,0.9999994346708848,True,0.09090909090909091,0.8296744401727508,True,True,False,0.0,4.0,False,False,False,False
data/phase7c1/raw/human_fabricated/human_005_fabricated.wav,human_005_fabricated.wav,human_fabricated,1,fabricated,seen_in_p5_training,ok,,0.9592016125652786,True,0.9999824033426435,True,0.19230769230769232,0.962484508824873,True,True,False,40.0,44.0,False,False,False,False
data/phase7c1/raw/human_fabricated/human_006_fabricated.wav,human_006_fabricated.wav,human_fabricated,1,fabricated,seen_in_p5_training,ok,,0.9118295369481997,True,0.9999996595706051,True,0.13636363636363635,0.7603967742257953,True,True,False,0.0,4.0,False,False,False,False
data/phase7c1/raw/human_fabricated/human_007_fabricated.wav,human_007_fabricated.wav,human_fabricated,1,fabricated,seen_in_p5_training,ok,,0.8371782016961394,True,0.9999848559349683,True,0.21052631578947367,0.934322720415028,True,True,False,30.0,34.0,False,False,False,False
data/phase7c1/raw/human_fabricated/human_008_fabricated.wav,human_008_fabricated.wav,human_fabricated,1,fabricated,seen_in_p5_training,ok,,0.8812046435328574,True,0.9578974780193823,True,0.1,0.6621043991489378,True,True,False,0.0,4.0,False,False,False,False
data/phase7c1/raw/human_fabricated/human_009_fabricated.wav,human_009_fabricated.wav,human_fabricated,1,fabricated,seen_in_p5_training,ok,,0.6781299058025015,True,0.9994557170390681,True,0.14285714285714285,0.904847829135687,True,True,False,18.0,22.0,False,False,False,False
data/phase7c1/raw/human_fabricated/human_010_fabricated.wav,human_010_fabricated.wav,human_fabricated,1,fabricated,seen_in_p5_training,ok,,0.9450433020880842,True,0.9938315601168713,True,0.18181818181818182,0.866630548605403,True,True,False,16.0,20.0,False,False,False,False
data/phase7c1/raw/human_fabricated/human_011_fabricated.wav,human_011_fabricated.wav,human_fabricated,1,fabricated,seen_in_p5_training,ok,,0.9630866776524734,True,0.9612479916421167,True,0.125,0.7799218335503566,True,True,False,20.0,24.0,False,False,False,False
data/phase7c1/raw/human_fabricated/human_012_fabricated.wav,human_012_fabricated.wav,human_fabricated,1,fabricated,seen_in_p5_training,ok,,0.864549210992285,True,0.9995874351856818,True,0.2,0.9068821159505714,True,True,False,34.0,38.0,False,False,False,False
data/phase7c1/raw/human_fabricated/human_013_fabricated.wav,human_013_fabricated.wav,human_fabricated,1,fabricated,seen_in_p5_training,ok,,0.7863358462648953,True,0.9999760615831746,True,0.17391304347826086,0.8841430121422209,True,True,False,0.0,4.0,False,False,False,False
data/phase7c1/raw/human_fabricated/human_014_fabricated.wav,human_014_fabricated.wav,human_fabricated,1,fabricated,seen_in_p5_training,ok,,0.96304100863634,True,0.9999837681434649,True,0.08695652173913043,0.7934714217198544,True,True,False,32.0,36.0,False,False,False,False
data/phase7c1/raw/human_fabricated/human_015_fabricated.wav,human_015_fabricated.wav,human_fabricated,1,fabricated,seen_in_p5_training,ok,,0.9901552144939725,True,0.9999961374159956,True,0.20833333333333334,0.9028812150399381,True,True,False,0.0,4.0,False,False,False,False
data/phase7c1/raw/human_fabricated/human_016_fabricated.wav,human_016_fabricated.wav,human_fabricated,1,fabricated,seen_in_p5_training,ok,,0.8302148962776067,True,0.9999371969897863,True,0.13333333333333333,0.9072392542786082,True,True,False,24.0,28.0,False,False,False,False
data/phase7c1/raw/human_fabricated/human_017_fabricated.wav,human_017_fabricated.wav,human_fabricated,1,fabricated,seen_in_p5_training,ok,,0.9888035406057237,True,0.9999542557490854,True,0.20689655172413793,0.88489685486176,True,True,False,0.0,4.0,False,False,False,False
data/phase7c1/raw/human_fabricated/human_018_fabricated.wav,human_018_fabricated.wav,human_fabricated,1,fabricated,seen_in_p5_training,ok,,0.9930832067696093,True,0.9999744743490788,True,0.20833333333333334,0.9369698284775155,True,True,False,12.0,16.0,False,False,False,False
data/phase7c1/raw/human_fabricated/human_019_fabricated.wav,human_019_fabricated.wav,human_fabricated,1,fabricated,seen_in_p5_training,ok,,0.8369120438790456,True,0.9991073941272908,True,0.23076923076923078,0.828415014020414,True,True,False,12.0,16.0,False,False,False,False
data/phase7c1/raw/human_fabricated/human_020_fabricated.wav,human_020_fabricated.wav,human_fabricated,1,fabricated,seen_in_p5_training,ok,,0.9477840368610363,True,0.9996883553797068,True,0.15384615384615385,0.9466847784987534,True,True,False,4.0,8.0,False,False,False,False
data/phase7c1/raw/human_fabricated/human_021_fabricated.wav,human_021_fabricated.wav,human_fabricated,1,fabricated,seen_in_p5_training,ok,,0.9440195141568601,True,0.9999998022840897,True,0.2222222222222222,0.9531686809590493,True,True,False,8.0,12.0,False,False,False,False
data/phase7c1/raw/human_fabricated/human_022_fabricated.wav,human_022_fabricated.wav,human_fabricated,1,fabricated,seen_in_p5_training,ok,,0.8603649489749915,True,0.9999603690440528,True,0.18181818181818182,0.9519197248332666,True,True,False,4.0,8.0,False,False,False,False
data/phase7c1/raw/human_fabricated/human_023_fabricated.wav,human_023_fabricated.wav,human_fabricated,1,fabricated,seen_in_p5_training,ok,,0.8680486353324087,True,0.9994716479627653,True,0.19230769230769232,0.9290629381229016,True,True,False,42.0,46.0,False,False,False,False
data/phase7c1/raw/human_mixer/human_001_mixer_processed.wav,human_001_mixer_processed.wav,human_mixer,0,mixer,seen_in_p5_training,ok,,0.06442537626101608,False,0.6895505243130791,False,0.0,0.16834978530065936,False,False,False,0.0,4.0,False,False,False,False
data/phase7c1/raw/human_mixer/human_002_mixer_processed.wav,human_002_mixer_processed.wav,human_mixer,0,mixer,seen_in_p5_training,ok,,0.10350548825063971,False,0.026683103653154527,False,0.0,0.010908126277294691,False,False,False,4.0,8.0,False,False,False,False
data/phase7c1/raw/human_mixer/human_003_mixer_processed.wav,human_003_mixer_processed.wav,human_mixer,0,mixer,seen_in_p5_training,ok,,0.009763650158480021,False,0.8051886763229695,False,0.0,0.17736757694477964,False,False,False,0.0,4.0,False,False,False,False
data/phase7c1/raw/human_mixer/human_004_mixer_processed.wav,human_004_mixer_processed.wav,human_mixer,0,mixer,seen_in_p5_training,ok,,0.14734211619782925,False,0.24301012016891932,False,0.0,0.07310868645132304,False,False,False,10.0,14.0,False,False,False,False
data/phase7c1/raw/human_mixer/human_005_mixer_processed.wav,human_005_mixer_processed.wav,human_mixer,0,mixer,seen_in_p5_training,ok,,0.0030193945818854477,False,0.011241388522419774,False,0.0,0.005547528519524245,False,False,False,0.0,4.0,False,False,False,False
data/phase7c1/raw/human_mixer/human_006_mixer_processed.wav,human_006_mixer_processed.wav,human_mixer,0,mixer,seen_in_p5_training,ok,,0.08058319389019347,False,0.09090919579514914,False,0.0,0.03413255792171063,False,False,False,34.0,37.781,False,False,False,False
data/phase7c1/raw/human_mixer/human_007_mixer_processed.wav,human_007_mixer_processed.wav,human_mixer,0,mixer,seen_in_p5_training,ok,,0.037674314356568255,False,0.02060539397465744,False,0.0,0.009215759444335649,False,False,False,22.0,26.0,False,False,False,False
data/phase7c1/raw/human_mixer/human_008_mixer_processed.wav,human_008_mixer_processed.wav,human_mixer,0,mixer,seen_in_p5_training,ok,,0.014353808843728806,False,0.042849493283432155,False,0.0,0.009170760610049886,False,False,False,2.0,6.0,False,False,False,False
data/phase7c1/raw/human_mixer/human_009_mixer_processed.wav,human_009_mixer_processed.wav,human_mixer,0,mixer,seen_in_p5_training,ok,,0.03282211050224674,False,0.0252852512510736,False,0.0,0.010304590052699207,False,False,False,32.0,36.0,False,False,False,False
data/phase7c1/raw/human_mixer/human_010_mixer_processed.wav,human_010_mixer_processed.wav,human_mixer,0,mixer,seen_in_p5_training,ok,,0.04256030067979169,False,0.024367416717113736,False,0.0,0.00941713494152903,False,False,False,12.0,16.0,False,False,False,False
data/phase7c1/raw/human_mixer/human_011_mixer_processed.wav,human_011_mixer_processed.wav,human_mixer,0,mixer,seen_in_p5_training,ok,,0.06780434231535543,False,0.28377705700044037,False,0.0,0.10265193464194527,False,False,False,12.0,16.0,False,False,False,False
data/phase7c1/raw/human_mixer/human_012_mixer_processed.wav,human_012_mixer_processed.wav,human_mixer,0,mixer,seen_in_p5_training,ok,,0.10844580740883848,False,0.6853790561952171,False,0.0,0.35047700066931725,True,False,False,22.0,26.0,False,False,False,False
data/phase7c1/raw/human_mixer/human_013_mixer_processed.wav,human_013_mixer_processed.wav,human_mixer,0,mixer,seen_in_p5_training,ok,,0.001787852245869558,False,0.07305062998916795,False,0.0,0.02066753472173431,False,False,False,8.0,12.0,False,False,False,False
data/phase7c1/raw/human_mixer/human_014_mixer_processed.wav,human_014_mixer_processed.wav,human_mixer,0,mixer,seen_in_p5_training,ok,,0.10938597396781136,False,0.18354434416296903,False,0.0,0.06890720090955353,False,False,False,28.0,32.0,False,False,False,False
data/phase7c1/raw/human_mixer/human_015_mixer_processed.wav,human_015_mixer_processed.wav,human_mixer,0,mixer,seen_in_p5_training,ok,,0.4621612573766257,False,0.10476464467873163,False,0.0,0.0531818896740073,False,False,False,24.0,28.0,False,False,False,False
data/phase7c1/raw/human_mixer/human_016_mixer_processed.wav,human_016_mixer_processed.wav,human_mixer,0,mixer,seen_in_p5_training,ok,,0.00398337930932016,False,0.0033280217599239463,False,0.0,0.0008484742977455933,False,False,False,0.0,4.0,False,False,False,False
data/phase7c1/raw/human_mixer/human_017_mixer_processed.wav,human_017_mixer_processed.wav,human_mixer,0,mixer,seen_in_p5_training,ok,,0.0022770509140372383,False,0.22322594338836202,False,0.0,0.0828657996992527,False,False,False,0.0,4.0,False,False,False,False
data/phase7c1/raw/human_mixer/human_018_mixer_processed.wav,human_018_mixer_processed.wav,human_mixer,0,mixer,seen_in_p5_training,ok,,0.03938429359361246,False,0.018033139416807134,False,0.0,0.009563727015918793,False,False,False,30.0,34.0,False,False,False,False
data/phase7c1/raw/human_mixer/human_019_mixer_processed.wav,human_019_mixer_processed.wav,human_mixer,0,mixer,seen_in_p5_training,ok,,0.016615650708751695,False,0.6322093485542482,False,0.0,0.1942207891354712,False,False,False,20.0,24.0,False,False,False,False
data/phase7c1/raw/human_mixer/human_020_mixer_processed.wav,human_020_mixer_processed.wav,human_mixer,0,mixer,seen_in_p5_training,ok,,0.022238643424372893,False,0.04450474098487654,False,0.0,0.011837832299431963,False,False,False,22.0,26.0,False,False,False,False
data/phase7c1/raw/human_mixer/human_021_mixer_processed.wav,human_021_mixer_processed.wav,human_mixer,0,mixer,seen_in_p5_training,ok,,0.032266690065146715,False,0.0029717837377576887,False,0.0,0.0007173538358146039,False,False,False,0.0,4.0,False,False,False,False
data/phase7c1/raw/human_mixer/human_022_mixer_processed.wav,human_022_mixer_processed.wav,human_mixer,0,mixer,seen_in_p5_training,ok,,0.04630556706901445,False,0.17770603514558683,False,0.0,0.03564745271181643,False,False,False,0.0,4.0,False,False,False,False
data/phase7c1/raw/human_mixer/human_023_mixer_processed.wav,human_023_mixer_processed.wav,human_mixer,0,mixer,seen_in_p5_training,ok,,0.016240883947252323,False,0.9123949270777417,True,0.045454545454545456,0.27630456179906815,True,False,False,40.0,44.0,False,False,False,False
data/phase7c1/raw/human_replay/human_001_replay_laptop_mobile.wav,human_001_replay_laptop_mobile.wav,human_replay,0,replay,seen_in_p5_training,ok,,0.0017569033044768556,False,4.654294434879298e-05,False,0.0,1.1756015151771101e-05,False,False,False,12.0,16.0,False,False,False,False
data/phase7c1/raw/human_replay/human_002_replay_laptop_mobile.wav,human_002_replay_laptop_mobile.wav,human_replay,0,replay,seen_in_p5_training,ok,,0.0009344672275148234,False,0.603863731064553,False,0.0,0.12524161475656617,False,False,False,12.0,16.0,False,False,False,False
data/phase7c1/raw/human_replay/human_003_replay_laptop_mobile.wav,human_003_replay_laptop_mobile.wav,human_replay,0,replay,seen_in_p5_training,ok,,0.006875162976162657,False,0.414825583043432,False,0.0,0.08358327606753348,False,False,False,8.0,12.0,False,False,False,False
data/phase7c1/raw/human_replay/human_004_replay_laptop_mobile.wav,human_004_replay_laptop_mobile.wav,human_replay,0,replay,seen_in_p5_training,ok,,6.078694227765914e-05,False,0.006495462856317068,False,0.0,0.0013518087704676828,False,False,False,0.0,4.0,False,False,False,False
data/phase7c1/raw/human_replay/human_005_replay_laptop_mobile.wav,human_005_replay_laptop_mobile.wav,human_replay,0,replay,seen_in_p5_training,ok,,0.007191617236770841,False,0.001710028928586858,False,0.0,0.0010276346748294939,False,False,False,4.0,8.0,False,False,False,False
data/phase7c1/raw/human_replay/human_006_replay_laptop_mobile.wav,human_006_replay_laptop_mobile.wav,human_replay,0,replay,seen_in_p5_training,ok,,0.013840047522913151,False,0.00809692403585083,False,0.0,0.004185290147710459,False,False,False,16.0,20.0,False,False,False,False
data/phase7c1/raw/human_replay/human_007_replay_laptop_mobile.wav,human_007_replay_laptop_mobile.wav,human_replay,0,replay,seen_in_p5_training,ok,,1.940418483267924e-05,False,0.00025585199755579787,False,0.0,7.438359394360258e-05,False,False,False,2.0,6.0,False,False,False,False
data/phase7c1/raw/human_replay/human_008_replay_laptop_mobile.wav,human_008_replay_laptop_mobile.wav,human_replay,0,replay,seen_in_p5_training,ok,,0.00019792026918123175,False,0.0008814746655548138,False,0.0,0.00027466695469229583,False,False,False,0.0,4.0,False,False,False,False
data/phase7c1/raw/human_replay/human_009_replay_laptop_mobile.wav,human_009_replay_laptop_mobile.wav,human_replay,0,replay,seen_in_p5_training,ok,,0.0006367374951873672,False,0.0004140414232348886,False,0.0,0.00011750222250548753,False,False,False,12.0,16.0,False,False,False,False
data/phase7c1/raw/human_replay/human_010_replay_laptop_mobile.wav,human_010_replay_laptop_mobile.wav,human_replay,0,replay,seen_in_p5_training,ok,,0.0008844413163444945,False,0.945357167344434,True,0.07142857142857142,0.22766212301445352,False,False,False,12.0,16.0,False,False,False,False
data/phase7c1/raw/human_replay/human_011_replay_laptop_mobile.wav,human_011_replay_laptop_mobile.wav,human_replay,0,replay,seen_in_p5_training,ok,,2.3923718838618944e-05,False,0.0010627661393295782,False,0.0,0.0002125637389319083,False,False,False,32.0,34.401,False,False,False,False
data/phase7c1/raw/human_replay/human_012_replay_laptop_mobile.wav,human_012_replay_laptop_mobile.wav,human_replay,0,replay,seen_in_p5_training,ok,,0.0006851525019669334,False,0.0051770687866117965,False,0.0,0.001055584140588695,False,False,False,8.0,12.0,False,False,False,False
data/phase7c1/raw/human_replay/human_013_replay_laptop_mobile.wav,human_013_replay_laptop_mobile.wav,human_replay,0,replay,seen_in_p5_training,ok,,7.628834521276747e-07,False,2.043221500436645e-06,False,0.0,7.810272104034837e-07,False,False,False,4.0,8.0,False,False,False,False
data/phase7c1/raw/human_replay/human_014_replay_laptop_mobile.wav,human_014_replay_laptop_mobile.wav,human_replay,0,replay,seen_in_p5_training,ok,,0.005128126493326065,False,0.009690767161441556,False,0.0,0.0029686146243504564,False,False,False,2.0,6.0,False,False,False,False
data/phase7c1/raw/human_replay/human_015_replay_laptop_mobile.wav,human_015_replay_laptop_mobile.wav,human_replay,0,replay,seen_in_p5_training,ok,,7.128724585945492e-05,False,0.0013209704898621986,False,0.0,0.00027241704007532224,False,False,False,0.0,4.0,False,False,False,False
data/phase7c1/raw/human_replay/human_016_replay_laptop_mobile.wav,human_016_replay_laptop_mobile.wav,human_replay,0,replay,seen_in_p5_training,ok,,0.013187123182789732,False,5.4170976062228585e-05,False,0.0,1.1109994710677753e-05,False,False,False,10.0,14.0,False,False,False,False
data/phase7c1/raw/human_replay/human_017_replay_laptop_mobile.wav,human_017_replay_laptop_mobile.wav,human_replay,0,replay,seen_in_p5_training,ok,,7.882517992549261e-05,False,0.010283161202924797,False,0.0,0.0020886973589806235,False,False,False,22.0,26.0,False,False,False,False
data/phase7c1/raw/human_replay/human_018_replay_laptop_mobile.wav,human_018_replay_laptop_mobile.wav,human_replay,0,replay,seen_in_p5_training,ok,,0.007449224912434979,False,0.017553193656419656,False,0.0,0.005480467070841643,False,False,False,24.0,28.0,False,False,False,False
data/phase7c1/raw/human_replay/human_019_replay_laptop_mobile.wav,human_019_replay_laptop_mobile.wav,human_replay,0,replay,seen_in_p5_training,ok,,0.0001448722411521988,False,0.001259694025021764,False,0.0,0.0002534504986198737,False,False,False,14.0,18.0,False,False,False,False
data/phase7c1/raw/human_replay/human_020_replay_laptop_mobile.wav,human_020_replay_laptop_mobile.wav,human_replay,0,replay,seen_in_p5_training,ok,,0.0005643412252238743,False,0.00016236769082897382,False,0.0,7.848549059282546e-05,False,False,False,32.0,36.0,False,False,False,False
data/phase7c1/raw/human_replay/human_021_replay_laptop_mobile.wav,human_021_replay_laptop_mobile.wav,human_replay,0,replay,seen_in_p5_training,ok,,0.00020990805038287322,False,0.01502960957543759,False,0.0,0.00518609978073685,False,False,False,30.0,32.915,False,False,False,False
data/phase7c1/raw/human_replay/human_022_replay_laptop_mobile.wav,human_022_replay_laptop_mobile.wav,human_replay,0,replay,seen_in_p5_training,ok,,0.011093945331760847,False,0.8063013459602131,False,0.0,0.29423088254624996,True,False,False,12.0,16.0,False,False,False,False
data/phase7c1/raw/human_replay/human_023_replay_laptop_mobile.wav,human_023_replay_laptop_mobile.wav,human_replay,0,replay,seen_in_p5_training,ok,,0.012652049772199594,False,0.0042296429420926405,False,0.0,0.0009575485066746839,False,False,False,0.0,4.0,False,False,False,False
